INSERT INTO `autore` (`id`, `nome`, `cognome`, `nome_artistico`, `tipologia_autore`, `version`) VALUES (1, 'Jeffry', 'Maggio', 'Miss Mayra Labadie IV', 'MUSICISTA', 1);
INSERT INTO `autore` (`id`, `nome`, `cognome`, `nome_artistico`, `tipologia_autore`, `version`) VALUES (2, 'Giovanni', 'Wisoky', 'Valerie Monahan', 'COMPOSITORE', 1);
INSERT INTO `autore` (`id`, `nome`, `cognome`, `nome_artistico`, `tipologia_autore`, `version`) VALUES (3, 'Edwardo', 'Kuhn', 'Maynard Wilkinson', 'MUSICISTA', 1);
INSERT INTO `autore` (`id`, `nome`, `cognome`, `nome_artistico`, `tipologia_autore`, `version`) VALUES (4, 'Briana', 'Schneider', 'Kirk Predovic', 'MUSICISTA', 1);
INSERT INTO `autore` (`id`, `nome`, `cognome`, `nome_artistico`, `tipologia_autore`, `version`) VALUES (5, 'Zakary', 'Stark', 'Vance Gaylord Sr.', 'MUSICISTA', 1);
INSERT INTO `autore` (`id`, `nome`, `cognome`, `nome_artistico`, `tipologia_autore`, `version`) VALUES (6, 'Sheridan', 'Leuschke', 'Selmer Koch', 'CANTANTE', 1);
INSERT INTO `autore` (`id`, `nome`, `cognome`, `nome_artistico`, `tipologia_autore`, `version`) VALUES (7, 'Nyasia', 'Lang', 'Paul Smith', 'MUSICISTA', 1);
INSERT INTO `autore` (`id`, `nome`, `cognome`, `nome_artistico`, `tipologia_autore`, `version`) VALUES (8, 'Haleigh', 'Jacobs', 'Fern Lind', 'MUSICISTA', 1);
INSERT INTO `autore` (`id`, `nome`, `cognome`, `nome_artistico`, `tipologia_autore`, `version`) VALUES (9, 'Ova', 'Kuphal', 'Tristin Beer III', 'COMPOSITORE', 1);
INSERT INTO `autore` (`id`, `nome`, `cognome`, `nome_artistico`, `tipologia_autore`, `version`) VALUES (10, 'Newell', 'Braun', 'Mr. Mavis Braun II', 'COMPOSITORE', 1);

INSERT INTO `utente` (`id`, `nome`, `cognome`, `username`, `email`, `password`, `version`) VALUES (1, 'Missouri', 'Muller', 'emely.hansen', 'charlotte.heathcote@example.net', '30478ac35d7c206e7a553a778e5692bd0715bf2f', 1);
INSERT INTO `utente` (`id`, `nome`, `cognome`, `username`, `email`, `password`, `version`) VALUES (2, 'Melyssa', 'Greenholt', 'hortense.moore', 'steuber.eleazar@example.com', '5456367ab0158fd21f7d6e769624fd41f332141c', 1);
INSERT INTO `utente` (`id`, `nome`, `cognome`, `username`, `email`, `password`, `version`) VALUES (3, 'Minnie', 'Balistreri', 'wkoelpin', 'flossie43@example.org', '3be79ec6cf8037463548b77e3b074af202aab7af', 1);
INSERT INTO `utente` (`id`, `nome`, `cognome`, `username`, `email`, `password`, `version`) VALUES (4, 'Antonetta', 'Rosenbaum', 'ferry.newton', 'srenner@example.net', 'b7987f8a8b674b4eab392dd0c2406b5253c5f23f', 1);
INSERT INTO `utente` (`id`, `nome`, `cognome`, `username`, `email`, `password`, `version`) VALUES (5, 'Javier', 'Konopelski', 'cfeil', 'juliana.rutherford@example.com', 'f6553ecefd3d147bae69de8fd4e9151a3c5047ce', 1);
INSERT INTO `utente` (`id`, `nome`, `cognome`, `username`, `email`, `password`, `version`) VALUES (6, 'Joesph', 'Corwin', 'schowalter.adelia', 'rhudson@example.net', '0a9ef3ce4790fde8c64066e8e9e5477e4b8d09a5', 1);
INSERT INTO `utente` (`id`, `nome`, `cognome`, `username`, `email`, `password`, `version`) VALUES (7, 'Ara', 'Rosenbaum', 'kendall.nitzsche', 'maxie20@example.org', '6ee196eadeadff85bae98d0ad2f98508ad41b482', 1);
INSERT INTO `utente` (`id`, `nome`, `cognome`, `username`, `email`, `password`, `version`) VALUES (8, 'Cecilia', 'Balistreri', 'runte.donnie', 'cpurdy@example.org', '66ef6dba5a29f4372638d87581b66e73732dbffe', 1);
INSERT INTO `utente` (`id`, `nome`, `cognome`, `username`, `email`, `password`, `version`) VALUES (9, 'Sabryna', 'Larson', 'leonor.hermiston', 'mavis.brekke@example.com', '6eaa130d468da506e3d54c53fca3004697a62e57', 1);
INSERT INTO `utente` (`id`, `nome`, `cognome`, `username`, `email`, `password`, `version`) VALUES (10, 'Hassan', 'Koelpin', 'uhuels', 'lisandro65@example.org', '0e9370dc81a6dccec9959ae16c9a7fbbe02c028f', 1);
INSERT INTO `utente` (`id`, `nome`, `cognome`, `username`, `email`, `password`, `version`) VALUES (11, 'Davide', 'De Acetis', 'davide', 'lisandro65@example.org', '5e884898da28047151d0e56f8dc6292773603d0d6aabbdd62a11ef721d1542d8', 1);

INSERT INTO `utente_rest` (`id`, `token`) VALUES (1, NULL);
INSERT INTO `utente_rest` (`id`, `token`) VALUES (2, NULL);
INSERT INTO `utente_rest` (`id`, `token`) VALUES (3, NULL);
INSERT INTO `utente_rest` (`id`, `token`) VALUES (4, NULL);
INSERT INTO `utente_rest` (`id`, `token`) VALUES (5, NULL);
INSERT INTO `utente_rest` (`id`, `token`) VALUES (6, NULL);
INSERT INTO `utente_rest` (`id`, `token`) VALUES (7, NULL);
INSERT INTO `utente_rest` (`id`, `token`) VALUES (8, NULL);
INSERT INTO `utente_rest` (`id`, `token`) VALUES (9, NULL);
INSERT INTO `utente_rest` (`id`, `token`) VALUES (10, NULL);
INSERT INTO `utente_rest` (`id`, `token`) VALUES (11, NULL);

INSERT INTO `collezione` (`id`, `titolo`, `privacy`, `data_creazione`, `version`, `utente_id`) VALUES (1, 'I\'m never sure what I\'m.', 'CONDIVISO', '2007-06-15', 1, 1);
INSERT INTO `collezione` (`id`, `titolo`, `privacy`, `data_creazione`, `version`, `utente_id`) VALUES (2, 'Alice by the White Rabbit.', 'PRIVATO', '1988-12-29', 1, 2);
INSERT INTO `collezione` (`id`, `titolo`, `privacy`, `data_creazione`, `version`, `utente_id`) VALUES (3, 'There was a child,\' said the.', 'PRIVATO', '2000-10-21', 1, 3);
INSERT INTO `collezione` (`id`, `titolo`, `privacy`, `data_creazione`, `version`, `utente_id`) VALUES (4, 'Caterpillar decidedly, and.', 'CONDIVISO', '1998-12-10', 1, 4);
INSERT INTO `collezione` (`id`, `titolo`, `privacy`, `data_creazione`, `version`, `utente_id`) VALUES (5, 'Cheshire cats always.', 'PRIVATO', '1999-04-09', 1, 5);
INSERT INTO `collezione` (`id`, `titolo`, `privacy`, `data_creazione`, `version`, `utente_id`) VALUES (6, 'Cheshire Cat, she was quite.', 'PRIVATO', '2018-02-17', 1, 6);
INSERT INTO `collezione` (`id`, `titolo`, `privacy`, `data_creazione`, `version`, `utente_id`) VALUES (7, 'Alice did not wish to offend.', 'PUBBLICO', '2002-10-24', 1, 7);
INSERT INTO `collezione` (`id`, `titolo`, `privacy`, `data_creazione`, `version`, `utente_id`) VALUES (8, 'I\'m angry. Therefore I\'m.', 'PRIVATO', '2016-11-12', 1, 8);
INSERT INTO `collezione` (`id`, `titolo`, `privacy`, `data_creazione`, `version`, `utente_id`) VALUES (9, 'Queen\'s ears--\' the Rabbit.', 'PUBBLICO', '1970-12-10', 1, 9);
INSERT INTO `collezione` (`id`, `titolo`, `privacy`, `data_creazione`, `version`, `utente_id`) VALUES (10, 'Queen jumped up and said,.', 'PUBBLICO', '2000-04-16', 1, 10);
INSERT INTO `collezione` (`id`, `titolo`, `privacy`, `data_creazione`, `version`, `utente_id`) VALUES (11, 'Alice. \'Reeling and.', 'PRIVATO', '2013-05-30', 1, 1);
INSERT INTO `collezione` (`id`, `titolo`, `privacy`, `data_creazione`, `version`, `utente_id`) VALUES (12, 'Alice to herself. (Alice had.', 'CONDIVISO', '2005-01-03', 1, 2);
INSERT INTO `collezione` (`id`, `titolo`, `privacy`, `data_creazione`, `version`, `utente_id`) VALUES (13, 'However, when they passed.', 'CONDIVISO', '2003-05-18', 1, 3);
INSERT INTO `collezione` (`id`, `titolo`, `privacy`, `data_creazione`, `version`, `utente_id`) VALUES (14, 'Now, if you want to go! Let.', 'PRIVATO', '1999-08-17', 1, 4);
INSERT INTO `collezione` (`id`, `titolo`, `privacy`, `data_creazione`, `version`, `utente_id`) VALUES (15, 'Alice said to the other arm.', 'PRIVATO', '1993-08-06', 1, 5);
INSERT INTO `collezione` (`id`, `titolo`, `privacy`, `data_creazione`, `version`, `utente_id`) VALUES (16, 'I\'ve often seen them so.', 'PUBBLICO', '2013-03-15', 1, 6);
INSERT INTO `collezione` (`id`, `titolo`, `privacy`, `data_creazione`, `version`, `utente_id`) VALUES (17, 'THEN--she found herself in.', 'CONDIVISO', '1979-07-19', 1, 7);
INSERT INTO `collezione` (`id`, `titolo`, `privacy`, `data_creazione`, `version`, `utente_id`) VALUES (18, 'King repeated angrily, \'or.', 'PUBBLICO', '2015-09-14', 1, 8);
INSERT INTO `collezione` (`id`, `titolo`, `privacy`, `data_creazione`, `version`, `utente_id`) VALUES (19, 'Alice)--\'and perhaps you.', 'PUBBLICO', '2013-05-02', 1, 9);
INSERT INTO `collezione` (`id`, `titolo`, `privacy`, `data_creazione`, `version`, `utente_id`) VALUES (20, 'Queen was close behind it.', 'PUBBLICO', '1993-11-16', 1, 10);

INSERT INTO `disco` (`id`, `titolo`, `anno`, `barcode`, `etichetta`, `genere`, `formato`, `stato_conservazione`, `data_inserimento`, `version`, `utente_id`, `padre`) VALUES (1, 'Alice. \'I\'m glad they don\'t.', '2012', '?????????????', 'enim', 'REGGAE', 'DIGITALE', NULL, '1973-08-16', 1, 1, NULL);
INSERT INTO `disco` (`id`, `titolo`, `anno`, `barcode`, `etichetta`, `genere`, `formato`, `stato_conservazione`, `data_inserimento`, `version`, `utente_id`, `padre`) VALUES (2, 'Alice waited till she shook.', '1979', '?????????????', 'autem', 'COUNTRY', 'DIGITALE', NULL, '1985-04-14', 1, 1, NULL);
INSERT INTO `disco` (`id`, `titolo`, `anno`, `barcode`, `etichetta`, `genere`, `formato`, `stato_conservazione`, `data_inserimento`, `version`, `utente_id`, `padre`) VALUES (3, 'Pat, what\'s that in about.', '2009', '?????????????', 'officia', 'POP', 'DIGITALE', NULL, '2014-06-27', 1, 1, NULL);
INSERT INTO `disco` (`id`, `titolo`, `anno`, `barcode`, `etichetta`, `genere`, `formato`, `stato_conservazione`, `data_inserimento`, `version`, `utente_id`, `padre`) VALUES (4, 'Jack-in-the-box, and up I.', '2020', '?????????????', 'repellat', 'COUNTRY', 'DIGITALE', NULL, '1982-09-21', 1, 1, NULL);
INSERT INTO `disco` (`id`, `titolo`, `anno`, `barcode`, `etichetta`, `genere`, `formato`, `stato_conservazione`, `data_inserimento`, `version`, `utente_id`, `padre`) VALUES (5, 'The Cat only grinned a.', '1944', '?????????????', 'qui', 'OTHER', 'VINILE', 'ROTTO', '2009-01-22', 1, 5, NULL);
INSERT INTO `disco` (`id`, `titolo`, `anno`, `barcode`, `etichetta`, `genere`, `formato`, `stato_conservazione`, `data_inserimento`, `version`, `utente_id`, `padre`) VALUES (6, 'I\'m angry. Therefore I\'m.', '2004', '?????????????', 'doloremque', 'POP', 'VINILE', 'SCARSO', '1974-04-18', 1, 1, NULL);
INSERT INTO `disco` (`id`, `titolo`, `anno`, `barcode`, `etichetta`, `genere`, `formato`, `stato_conservazione`, `data_inserimento`, `version`, `utente_id`, `padre`) VALUES (7, 'ME\' were beautifully marked.', '1906', '?????????????', 'laudantium', 'CLASSIC', 'CD', 'SCARSO', '1995-06-15', 1, 7, NULL);
INSERT INTO `disco` (`id`, `titolo`, `anno`, `barcode`, `etichetta`, `genere`, `formato`, `stato_conservazione`, `data_inserimento`, `version`, `utente_id`, `padre`) VALUES (8, 'PRECIOUS nose\'; as an.', '1920', '?????????????', 'architecto', 'JAZZ', 'CD', 'SCARSO', '1998-10-11', 1, 1, NULL);
INSERT INTO `disco` (`id`, `titolo`, `anno`, `barcode`, `etichetta`, `genere`, `formato`, `stato_conservazione`, `data_inserimento`, `version`, `utente_id`, `padre`) VALUES (9, 'Alice, \'it\'s very easy to.', '1902', '?????????????', 'voluptatem', 'JAZZ', 'CD', 'BUONO', '2017-09-14', 1, 1, NULL);
INSERT INTO `disco` (`id`, `titolo`, `anno`, `barcode`, `etichetta`, `genere`, `formato`, `stato_conservazione`, `data_inserimento`, `version`, `utente_id`, `padre`) VALUES (10, 'Duchess, digging her sharp.', '1908', '?????????????', 'officiis', 'ROCK', 'DIGITALE', NULL, '1986-10-26', 1, 10, NULL);
INSERT INTO `disco` (`id`, `titolo`, `anno`, `barcode`, `etichetta`, `genere`, `formato`, `stato_conservazione`, `data_inserimento`, `version`, `utente_id`, `padre`) VALUES (11, 'Alice, \'and why it is to.', '1965', '?????????????', 'veniam', 'CLASSIC', 'DIGITALE', NULL, '2021-12-14', 1, 1, NULL);
INSERT INTO `disco` (`id`, `titolo`, `anno`, `barcode`, `etichetta`, `genere`, `formato`, `stato_conservazione`, `data_inserimento`, `version`, `utente_id`, `padre`) VALUES (12, 'Bill\'s got the other--Bill!.', '1968', '?????????????', 'blanditiis', 'PUNK', 'VINILE', 'SCARSO', '1971-03-04', 1, 2, NULL);
INSERT INTO `disco` (`id`, `titolo`, `anno`, `barcode`, `etichetta`, `genere`, `formato`, `stato_conservazione`, `data_inserimento`, `version`, `utente_id`, `padre`) VALUES (13, 'King, \'and don\'t be nervous,.', '1937', '?????????????', 'illum', 'ROCK', 'CD', 'USATO', '1982-04-30', 1, 3, NULL);
INSERT INTO `disco` (`id`, `titolo`, `anno`, `barcode`, `etichetta`, `genere`, `formato`, `stato_conservazione`, `data_inserimento`, `version`, `utente_id`, `padre`) VALUES (14, 'YOUR watch tell you just now.', '2001', '?????????????', 'qui', 'ROCK', 'DIGITALE', NULL, '1987-07-28', 1, 4, NULL);
INSERT INTO `disco` (`id`, `titolo`, `anno`, `barcode`, `etichetta`, `genere`, `formato`, `stato_conservazione`, `data_inserimento`, `version`, `utente_id`, `padre`) VALUES (15, 'Alice\'s elbow was pressed.', '1912', '?????????????', 'id', 'ROCK', 'VINILE', 'SCARSO', '1983-11-16', 1, 5, NULL);
INSERT INTO `disco` (`id`, `titolo`, `anno`, `barcode`, `etichetta`, `genere`, `formato`, `stato_conservazione`, `data_inserimento`, `version`, `utente_id`, `padre`) VALUES (16, 'CURTSEYING as you\'re falling.', '1995', '?????????????', 'sunt', 'ROCK', 'CD', 'NUOVO', '1987-03-16', 1, 6, NULL);
INSERT INTO `disco` (`id`, `titolo`, `anno`, `barcode`, `etichetta`, `genere`, `formato`, `stato_conservazione`, `data_inserimento`, `version`, `utente_id`, `padre`) VALUES (17, 'Queen, turning purple. \'I.', '1978', '?????????????', 'dignissimos', 'CLASSIC', 'VINILE', 'ROTTO', '1990-05-27', 1, 7, NULL);
INSERT INTO `disco` (`id`, `titolo`, `anno`, `barcode`, `etichetta`, `genere`, `formato`, `stato_conservazione`, `data_inserimento`, `version`, `utente_id`, `padre`) VALUES (18, 'Dodo had paused as if it.', '1943', '?????????????', 'consequatur', 'JAZZ', 'DIGITALE', NULL, '1974-06-13', 1, 8, NULL);
INSERT INTO `disco` (`id`, `titolo`, `anno`, `barcode`, `etichetta`, `genere`, `formato`, `stato_conservazione`, `data_inserimento`, `version`, `utente_id`, `padre`) VALUES (19, 'King had said that day. \'No,.', '1999', '?????????????', 'animi', 'COUNTRY', 'VINILE', 'BUONO', '2020-08-31', 1, 9, NULL);
INSERT INTO `disco` (`id`, `titolo`, `anno`, `barcode`, `etichetta`, `genere`, `formato`, `stato_conservazione`, `data_inserimento`, `version`, `utente_id`, `padre`) VALUES (20, 'Dormouse, not choosing to.', '1951', '?????????????', 'quasi', 'COUNTRY', 'CD', 'BUONO', '2019-10-25', 1, 10, NULL);
INSERT INTO `disco` (`id`, `titolo`, `anno`, `barcode`, `etichetta`, `genere`, `formato`, `stato_conservazione`, `data_inserimento`, `version`, `utente_id`, `padre`) VALUES (21, 'Alice\'s elbow was pressed.', '1912', '?????????????', 'id', 'ROCK', 'VINILE', 'SCARSO', '1983-11-16', 1, 5, 15);
INSERT INTO `disco` (`id`, `titolo`, `anno`, `barcode`, `etichetta`, `genere`, `formato`, `stato_conservazione`, `data_inserimento`, `version`, `utente_id`, `padre`) VALUES (22, 'CURTSEYING as you\'re falling.', '1995', '?????????????', 'sunt', 'ROCK', 'CD', 'NUOVO', '1987-03-16', 1, 6, 16);
INSERT INTO `disco` (`id`, `titolo`, `anno`, `barcode`, `etichetta`, `genere`, `formato`, `stato_conservazione`, `data_inserimento`, `version`, `utente_id`, `padre`) VALUES (23, 'Queen, turning purple. \'I.', '1978', '?????????????', 'dignissimos', 'CLASSIC', 'VINILE', 'ROTTO', '1990-05-27', 1, 7, 17);
INSERT INTO `disco` (`id`, `titolo`, `anno`, `barcode`, `etichetta`, `genere`, `formato`, `stato_conservazione`, `data_inserimento`, `version`, `utente_id`, `padre`) VALUES (24, 'Dodo had paused as if it.', '1943', '?????????????', 'consequatur', 'JAZZ', 'DIGITALE', NULL, '1974-06-13', 1, 8, 18);
INSERT INTO `disco` (`id`, `titolo`, `anno`, `barcode`, `etichetta`, `genere`, `formato`, `stato_conservazione`, `data_inserimento`, `version`, `utente_id`, `padre`) VALUES (25, 'King had said that day. \'No,.', '1999', '?????????????', 'animi', 'COUNTRY', 'VINILE', 'BUONO', '2020-08-31', 1, 9, 19);
INSERT INTO `disco` (`id`, `titolo`, `anno`, `barcode`, `etichetta`, `genere`, `formato`, `stato_conservazione`, `data_inserimento`, `version`, `utente_id`, `padre`) VALUES (26, 'Dormouse, not choosing to.', '1951', '?????????????', 'quasi', 'COUNTRY', 'CD', 'BUONO', '2019-10-25', 1, 10, 20);

INSERT INTO `traccia` (`id`, `titolo`, `durata`, `iswc`, `data_inserimento`, `version`, `padre`) VALUES (1, 'The Antipathies, I think--\'.', 180, 'i843576507k', '1970-06-21', 1, NULL);
INSERT INTO `traccia` (`id`, `titolo`, `durata`, `iswc`, `data_inserimento`, `version`, `padre`) VALUES (2, 'Gryphon. \'They can\'t have.', 227, 'b292100549y', '1976-03-04', 1, NULL);
INSERT INTO `traccia` (`id`, `titolo`, `durata`, `iswc`, `data_inserimento`, `version`, `padre`) VALUES (3, 'Alice was rather glad there.', 167, 'u213463187e', '1991-08-18', 1, NULL);
INSERT INTO `traccia` (`id`, `titolo`, `durata`, `iswc`, `data_inserimento`, `version`, `padre`) VALUES (4, 'Rabbit in a game of play.', 268, 'm529088183h', '1992-07-14', 1, NULL);
INSERT INTO `traccia` (`id`, `titolo`, `durata`, `iswc`, `data_inserimento`, `version`, `padre`) VALUES (5, 'Alice thought to herself,.', 123, 'k850321212f', '2013-07-01', 1, NULL);
INSERT INTO `traccia` (`id`, `titolo`, `durata`, `iswc`, `data_inserimento`, `version`, `padre`) VALUES (6, 'Alice indignantly. \'Let me.', 272, 'g952644950i', '1975-08-23', 1, NULL);
INSERT INTO `traccia` (`id`, `titolo`, `durata`, `iswc`, `data_inserimento`, `version`, `padre`) VALUES (7, 'The twelve jurors were.', 218, 'f588368085a', '2009-09-18', 1, NULL);
INSERT INTO `traccia` (`id`, `titolo`, `durata`, `iswc`, `data_inserimento`, `version`, `padre`) VALUES (8, 'Queen, pointing to the.', 167, 't134112708n', '1978-10-05', 1, NULL);
INSERT INTO `traccia` (`id`, `titolo`, `durata`, `iswc`, `data_inserimento`, `version`, `padre`) VALUES (9, 'Oh dear! I\'d nearly.', 212, 's595697070g', '1980-04-09', 1, NULL);
INSERT INTO `traccia` (`id`, `titolo`, `durata`, `iswc`, `data_inserimento`, `version`, `padre`) VALUES (10, 'Hatter went on, very much.', 255, 'a337278969k', '2009-11-26', 1, NULL);
INSERT INTO `traccia` (`id`, `titolo`, `durata`, `iswc`, `data_inserimento`, `version`, `padre`) VALUES (11, 'There was nothing on it.', 288, 'c831467530i', '1995-12-11', 1, NULL);
INSERT INTO `traccia` (`id`, `titolo`, `durata`, `iswc`, `data_inserimento`, `version`, `padre`) VALUES (12, 'Do you think you can find.', 160, 'h266871829k', '2006-06-25', 1, NULL);
INSERT INTO `traccia` (`id`, `titolo`, `durata`, `iswc`, `data_inserimento`, `version`, `padre`) VALUES (13, 'Just as she ran; but the.', 194, 'h532082031t', '2009-07-11', 1, NULL);
INSERT INTO `traccia` (`id`, `titolo`, `durata`, `iswc`, `data_inserimento`, `version`, `padre`) VALUES (14, 'I eat one of them didn\'t.', 243, 'y470660726h', '1984-12-24', 1, NULL);
INSERT INTO `traccia` (`id`, `titolo`, `durata`, `iswc`, `data_inserimento`, `version`, `padre`) VALUES (15, 'However, I\'ve got to grow.', 173, 'j754572095q', '2004-04-21', 1, NULL);
INSERT INTO `traccia` (`id`, `titolo`, `durata`, `iswc`, `data_inserimento`, `version`, `padre`) VALUES (16, 'She had quite a new pair of.', 241, 'c404482056v', '1997-09-01', 1, NULL);
INSERT INTO `traccia` (`id`, `titolo`, `durata`, `iswc`, `data_inserimento`, `version`, `padre`) VALUES (17, 'Alice. \'You must be,\' said.', 149, 'l933498075q', '1995-06-23', 1, NULL);
INSERT INTO `traccia` (`id`, `titolo`, `durata`, `iswc`, `data_inserimento`, `version`, `padre`) VALUES (18, 'Duchess; \'and that\'s a.', 148, 'd122449605y', '1992-10-18', 1, NULL);
INSERT INTO `traccia` (`id`, `titolo`, `durata`, `iswc`, `data_inserimento`, `version`, `padre`) VALUES (19, 'I can\'t get out of his head..', 213, 'v140025563e', '1971-06-17', 1, NULL);
INSERT INTO `traccia` (`id`, `titolo`, `durata`, `iswc`, `data_inserimento`, `version`, `padre`) VALUES (20, 'There was certainly not.', 187, 't596427182m', '1996-10-01', 1, NULL);
INSERT INTO `traccia` (`id`, `titolo`, `durata`, `iswc`, `data_inserimento`, `version`, `padre`) VALUES (21, 'Alice thought), and it put.', 163, 'p285884948e', '1996-09-28', 1, NULL);
INSERT INTO `traccia` (`id`, `titolo`, `durata`, `iswc`, `data_inserimento`, `version`, `padre`) VALUES (22, 'Hatter. \'Stolen!\' the King.', 134, 'b013244506x', '1987-08-26', 1, NULL);
INSERT INTO `traccia` (`id`, `titolo`, `durata`, `iswc`, `data_inserimento`, `version`, `padre`) VALUES (23, 'It\'s by far the most curious.', 184, 'g313249093i', '2007-02-08', 1, NULL);
INSERT INTO `traccia` (`id`, `titolo`, `durata`, `iswc`, `data_inserimento`, `version`, `padre`) VALUES (24, 'I to get us dry would be the.', 287, 'd261843919t', '1996-06-11', 1, NULL);
INSERT INTO `traccia` (`id`, `titolo`, `durata`, `iswc`, `data_inserimento`, `version`, `padre`) VALUES (25, 'Queen will hear you! You.', 280, 'n274004613h', '1972-03-30', 1, NULL);
INSERT INTO `traccia` (`id`, `titolo`, `durata`, `iswc`, `data_inserimento`, `version`, `padre`) VALUES (26, 'I grow at a king,\' said.', 176, 'l975554414s', '1991-02-19', 1, NULL);
INSERT INTO `traccia` (`id`, `titolo`, `durata`, `iswc`, `data_inserimento`, `version`, `padre`) VALUES (27, 'Dinah my dear! Let this be a.', 183, 'f546134675x', '1978-06-19', 1, NULL);
INSERT INTO `traccia` (`id`, `titolo`, `durata`, `iswc`, `data_inserimento`, `version`, `padre`) VALUES (28, 'Queen was in the pool a.', 263, 'c262780243g', '1984-02-04', 1, NULL);
INSERT INTO `traccia` (`id`, `titolo`, `durata`, `iswc`, `data_inserimento`, `version`, `padre`) VALUES (29, 'Dormouse, not choosing to.', 214, 'i743245997t', '2013-09-07', 1, NULL);
INSERT INTO `traccia` (`id`, `titolo`, `durata`, `iswc`, `data_inserimento`, `version`, `padre`) VALUES (30, 'Footman went on all the.', 183, 'w436047184k', '2021-01-18', 1, NULL);

INSERT INTO `collezione_condivisa_con` (`collezione_id`, `utente_id`) VALUES (1, 6);
INSERT INTO `collezione_condivisa_con` (`collezione_id`, `utente_id`) VALUES (1, 7);
INSERT INTO `collezione_condivisa_con` (`collezione_id`, `utente_id`) VALUES (1, 9);
INSERT INTO `collezione_condivisa_con` (`collezione_id`, `utente_id`) VALUES (4, 10);
INSERT INTO `collezione_condivisa_con` (`collezione_id`, `utente_id`) VALUES (12, 3);
INSERT INTO `collezione_condivisa_con` (`collezione_id`, `utente_id`) VALUES (13, 2);
INSERT INTO `collezione_condivisa_con` (`collezione_id`, `utente_id`) VALUES (13, 5);
INSERT INTO `collezione_condivisa_con` (`collezione_id`, `utente_id`) VALUES (14, 2);
INSERT INTO `collezione_condivisa_con` (`collezione_id`, `utente_id`) VALUES (17, 1);
INSERT INTO `collezione_condivisa_con` (`collezione_id`, `utente_id`) VALUES (17, 9);
INSERT INTO `collezione_condivisa_con` (`collezione_id`, `utente_id`) VALUES (17, 2);

INSERT INTO `collezione_disco` (`collezione_id`, `disco_id`) VALUES (1, 1);
INSERT INTO `collezione_disco` (`collezione_id`, `disco_id`) VALUES (1, 5);
INSERT INTO `collezione_disco` (`collezione_id`, `disco_id`) VALUES (1, 19);
INSERT INTO `collezione_disco` (`collezione_id`, `disco_id`) VALUES (2, 1);
INSERT INTO `collezione_disco` (`collezione_id`, `disco_id`) VALUES (2, 2);
INSERT INTO `collezione_disco` (`collezione_id`, `disco_id`) VALUES (2, 6);
INSERT INTO `collezione_disco` (`collezione_id`, `disco_id`) VALUES (2, 9);
INSERT INTO `collezione_disco` (`collezione_id`, `disco_id`) VALUES (2, 18);
INSERT INTO `collezione_disco` (`collezione_id`, `disco_id`) VALUES (2, 19);
INSERT INTO `collezione_disco` (`collezione_id`, `disco_id`) VALUES (3, 6);
INSERT INTO `collezione_disco` (`collezione_id`, `disco_id`) VALUES (3, 11);
INSERT INTO `collezione_disco` (`collezione_id`, `disco_id`) VALUES (3, 14);
INSERT INTO `collezione_disco` (`collezione_id`, `disco_id`) VALUES (3, 18);
INSERT INTO `collezione_disco` (`collezione_id`, `disco_id`) VALUES (4, 2);
INSERT INTO `collezione_disco` (`collezione_id`, `disco_id`) VALUES (4, 5);
INSERT INTO `collezione_disco` (`collezione_id`, `disco_id`) VALUES (4, 6);
INSERT INTO `collezione_disco` (`collezione_id`, `disco_id`) VALUES (4, 11);
INSERT INTO `collezione_disco` (`collezione_id`, `disco_id`) VALUES (4, 15);
INSERT INTO `collezione_disco` (`collezione_id`, `disco_id`) VALUES (5, 2);
INSERT INTO `collezione_disco` (`collezione_id`, `disco_id`) VALUES (5, 4);
INSERT INTO `collezione_disco` (`collezione_id`, `disco_id`) VALUES (5, 13);
INSERT INTO `collezione_disco` (`collezione_id`, `disco_id`) VALUES (5, 14);
INSERT INTO `collezione_disco` (`collezione_id`, `disco_id`) VALUES (5, 15);
INSERT INTO `collezione_disco` (`collezione_id`, `disco_id`) VALUES (5, 18);
INSERT INTO `collezione_disco` (`collezione_id`, `disco_id`) VALUES (5, 20);
INSERT INTO `collezione_disco` (`collezione_id`, `disco_id`) VALUES (6, 2);
INSERT INTO `collezione_disco` (`collezione_id`, `disco_id`) VALUES (6, 5);
INSERT INTO `collezione_disco` (`collezione_id`, `disco_id`) VALUES (6, 7);
INSERT INTO `collezione_disco` (`collezione_id`, `disco_id`) VALUES (6, 10);
INSERT INTO `collezione_disco` (`collezione_id`, `disco_id`) VALUES (6, 11);
INSERT INTO `collezione_disco` (`collezione_id`, `disco_id`) VALUES (6, 15);
INSERT INTO `collezione_disco` (`collezione_id`, `disco_id`) VALUES (6, 19);
INSERT INTO `collezione_disco` (`collezione_id`, `disco_id`) VALUES (7, 7);
INSERT INTO `collezione_disco` (`collezione_id`, `disco_id`) VALUES (7, 9);
INSERT INTO `collezione_disco` (`collezione_id`, `disco_id`) VALUES (7, 10);
INSERT INTO `collezione_disco` (`collezione_id`, `disco_id`) VALUES (8, 2);
INSERT INTO `collezione_disco` (`collezione_id`, `disco_id`) VALUES (8, 4);
INSERT INTO `collezione_disco` (`collezione_id`, `disco_id`) VALUES (8, 5);
INSERT INTO `collezione_disco` (`collezione_id`, `disco_id`) VALUES (8, 6);
INSERT INTO `collezione_disco` (`collezione_id`, `disco_id`) VALUES (8, 11);
INSERT INTO `collezione_disco` (`collezione_id`, `disco_id`) VALUES (8, 14);
INSERT INTO `collezione_disco` (`collezione_id`, `disco_id`) VALUES (8, 15);
INSERT INTO `collezione_disco` (`collezione_id`, `disco_id`) VALUES (9, 6);
INSERT INTO `collezione_disco` (`collezione_id`, `disco_id`) VALUES (9, 7);
INSERT INTO `collezione_disco` (`collezione_id`, `disco_id`) VALUES (9, 16);
INSERT INTO `collezione_disco` (`collezione_id`, `disco_id`) VALUES (9, 17);
INSERT INTO `collezione_disco` (`collezione_id`, `disco_id`) VALUES (10, 3);
INSERT INTO `collezione_disco` (`collezione_id`, `disco_id`) VALUES (11, 14);
INSERT INTO `collezione_disco` (`collezione_id`, `disco_id`) VALUES (12, 1);
INSERT INTO `collezione_disco` (`collezione_id`, `disco_id`) VALUES (12, 4);
INSERT INTO `collezione_disco` (`collezione_id`, `disco_id`) VALUES (12, 13);
INSERT INTO `collezione_disco` (`collezione_id`, `disco_id`) VALUES (12, 17);
INSERT INTO `collezione_disco` (`collezione_id`, `disco_id`) VALUES (13, 8);
INSERT INTO `collezione_disco` (`collezione_id`, `disco_id`) VALUES (14, 1);
INSERT INTO `collezione_disco` (`collezione_id`, `disco_id`) VALUES (14, 6);
INSERT INTO `collezione_disco` (`collezione_id`, `disco_id`) VALUES (14, 8);
INSERT INTO `collezione_disco` (`collezione_id`, `disco_id`) VALUES (14, 16);
INSERT INTO `collezione_disco` (`collezione_id`, `disco_id`) VALUES (15, 4);
INSERT INTO `collezione_disco` (`collezione_id`, `disco_id`) VALUES (15, 11);
INSERT INTO `collezione_disco` (`collezione_id`, `disco_id`) VALUES (15, 20);
INSERT INTO `collezione_disco` (`collezione_id`, `disco_id`) VALUES (16, 2);
INSERT INTO `collezione_disco` (`collezione_id`, `disco_id`) VALUES (16, 4);
INSERT INTO `collezione_disco` (`collezione_id`, `disco_id`) VALUES (16, 13);
INSERT INTO `collezione_disco` (`collezione_id`, `disco_id`) VALUES (17, 6);
INSERT INTO `collezione_disco` (`collezione_id`, `disco_id`) VALUES (17, 8);
INSERT INTO `collezione_disco` (`collezione_id`, `disco_id`) VALUES (17, 13);
INSERT INTO `collezione_disco` (`collezione_id`, `disco_id`) VALUES (17, 20);
INSERT INTO `collezione_disco` (`collezione_id`, `disco_id`) VALUES (18, 3);
INSERT INTO `collezione_disco` (`collezione_id`, `disco_id`) VALUES (18, 4);
INSERT INTO `collezione_disco` (`collezione_id`, `disco_id`) VALUES (18, 6);
INSERT INTO `collezione_disco` (`collezione_id`, `disco_id`) VALUES (18, 17);
INSERT INTO `collezione_disco` (`collezione_id`, `disco_id`) VALUES (18, 19);
INSERT INTO `collezione_disco` (`collezione_id`, `disco_id`) VALUES (18, 20);
INSERT INTO `collezione_disco` (`collezione_id`, `disco_id`) VALUES (19, 1);
INSERT INTO `collezione_disco` (`collezione_id`, `disco_id`) VALUES (19, 3);
INSERT INTO `collezione_disco` (`collezione_id`, `disco_id`) VALUES (19, 7);
INSERT INTO `collezione_disco` (`collezione_id`, `disco_id`) VALUES (19, 10);
INSERT INTO `collezione_disco` (`collezione_id`, `disco_id`) VALUES (19, 11);
INSERT INTO `collezione_disco` (`collezione_id`, `disco_id`) VALUES (19, 20);
INSERT INTO `collezione_disco` (`collezione_id`, `disco_id`) VALUES (20, 3);
INSERT INTO `collezione_disco` (`collezione_id`, `disco_id`) VALUES (20, 10);
INSERT INTO `collezione_disco` (`collezione_id`, `disco_id`) VALUES (20, 16);
INSERT INTO `collezione_disco` (`collezione_id`, `disco_id`) VALUES (20, 17);
INSERT INTO `collezione_disco` (`collezione_id`, `disco_id`) VALUES (20, 18);
INSERT INTO `collezione_disco` (`collezione_id`, `disco_id`) VALUES (20, 19);
INSERT INTO `collezione_disco` (`collezione_id`, `disco_id`) VALUES (20, 20);

INSERT INTO `disco_autore` (`disco_id`, `autore_id`) VALUES (3, 10);
INSERT INTO `disco_autore` (`disco_id`, `autore_id`) VALUES (4, 8);
INSERT INTO `disco_autore` (`disco_id`, `autore_id`) VALUES (5, 7);
INSERT INTO `disco_autore` (`disco_id`, `autore_id`) VALUES (6, 6);
INSERT INTO `disco_autore` (`disco_id`, `autore_id`) VALUES (6, 7);
INSERT INTO `disco_autore` (`disco_id`, `autore_id`) VALUES (7, 8);
INSERT INTO `disco_autore` (`disco_id`, `autore_id`) VALUES (7, 9);
INSERT INTO `disco_autore` (`disco_id`, `autore_id`) VALUES (8, 3);
INSERT INTO `disco_autore` (`disco_id`, `autore_id`) VALUES (8, 10);
INSERT INTO `disco_autore` (`disco_id`, `autore_id`) VALUES (10, 1);
INSERT INTO `disco_autore` (`disco_id`, `autore_id`) VALUES (10, 7);
INSERT INTO `disco_autore` (`disco_id`, `autore_id`) VALUES (11, 2);
INSERT INTO `disco_autore` (`disco_id`, `autore_id`) VALUES (11, 6);
INSERT INTO `disco_autore` (`disco_id`, `autore_id`) VALUES (11, 8);
INSERT INTO `disco_autore` (`disco_id`, `autore_id`) VALUES (11, 10);
INSERT INTO `disco_autore` (`disco_id`, `autore_id`) VALUES (12, 9);
INSERT INTO `disco_autore` (`disco_id`, `autore_id`) VALUES (13, 7);
INSERT INTO `disco_autore` (`disco_id`, `autore_id`) VALUES (13, 8);
INSERT INTO `disco_autore` (`disco_id`, `autore_id`) VALUES (13, 10);
INSERT INTO `disco_autore` (`disco_id`, `autore_id`) VALUES (14, 5);
INSERT INTO `disco_autore` (`disco_id`, `autore_id`) VALUES (14, 9);
INSERT INTO `disco_autore` (`disco_id`, `autore_id`) VALUES (16, 2);
INSERT INTO `disco_autore` (`disco_id`, `autore_id`) VALUES (16, 3);
INSERT INTO `disco_autore` (`disco_id`, `autore_id`) VALUES (16, 9);
INSERT INTO `disco_autore` (`disco_id`, `autore_id`) VALUES (17, 6);
INSERT INTO `disco_autore` (`disco_id`, `autore_id`) VALUES (18, 6);
INSERT INTO `disco_autore` (`disco_id`, `autore_id`) VALUES (19, 5);
INSERT INTO `disco_autore` (`disco_id`, `autore_id`) VALUES (19, 10);
INSERT INTO `disco_autore` (`disco_id`, `autore_id`) VALUES (20, 2);

INSERT INTO `disco_traccia` (`disco_id`, `traccia_id`) VALUES (1, 5);
INSERT INTO `disco_traccia` (`disco_id`, `traccia_id`) VALUES (1, 21);
INSERT INTO `disco_traccia` (`disco_id`, `traccia_id`) VALUES (2, 1);
INSERT INTO `disco_traccia` (`disco_id`, `traccia_id`) VALUES (2, 19);
INSERT INTO `disco_traccia` (`disco_id`, `traccia_id`) VALUES (2, 23);
INSERT INTO `disco_traccia` (`disco_id`, `traccia_id`) VALUES (3, 14);
INSERT INTO `disco_traccia` (`disco_id`, `traccia_id`) VALUES (3, 22);
INSERT INTO `disco_traccia` (`disco_id`, `traccia_id`) VALUES (4, 4);
INSERT INTO `disco_traccia` (`disco_id`, `traccia_id`) VALUES (5, 11);
INSERT INTO `disco_traccia` (`disco_id`, `traccia_id`) VALUES (7, 2);
INSERT INTO `disco_traccia` (`disco_id`, `traccia_id`) VALUES (7, 30);
INSERT INTO `disco_traccia` (`disco_id`, `traccia_id`) VALUES (8, 16);
INSERT INTO `disco_traccia` (`disco_id`, `traccia_id`) VALUES (8, 26);
INSERT INTO `disco_traccia` (`disco_id`, `traccia_id`) VALUES (9, 15);
INSERT INTO `disco_traccia` (`disco_id`, `traccia_id`) VALUES (11, 3);
INSERT INTO `disco_traccia` (`disco_id`, `traccia_id`) VALUES (11, 7);
INSERT INTO `disco_traccia` (`disco_id`, `traccia_id`) VALUES (11, 11);
INSERT INTO `disco_traccia` (`disco_id`, `traccia_id`) VALUES (12, 9);
INSERT INTO `disco_traccia` (`disco_id`, `traccia_id`) VALUES (12, 29);
INSERT INTO `disco_traccia` (`disco_id`, `traccia_id`) VALUES (13, 3);
INSERT INTO `disco_traccia` (`disco_id`, `traccia_id`) VALUES (14, 1);
INSERT INTO `disco_traccia` (`disco_id`, `traccia_id`) VALUES (14, 12);
INSERT INTO `disco_traccia` (`disco_id`, `traccia_id`) VALUES (14, 25);
INSERT INTO `disco_traccia` (`disco_id`, `traccia_id`) VALUES (15, 12);
INSERT INTO `disco_traccia` (`disco_id`, `traccia_id`) VALUES (16, 11);
INSERT INTO `disco_traccia` (`disco_id`, `traccia_id`) VALUES (17, 10);
INSERT INTO `disco_traccia` (`disco_id`, `traccia_id`) VALUES (18, 1);
INSERT INTO `disco_traccia` (`disco_id`, `traccia_id`) VALUES (18, 2);
INSERT INTO `disco_traccia` (`disco_id`, `traccia_id`) VALUES (19, 8);
INSERT INTO `disco_traccia` (`disco_id`, `traccia_id`) VALUES (20, 25);

INSERT INTO `traccia_autore` (`traccia_id`, `autore_id`) VALUES (1, 4);
INSERT INTO `traccia_autore` (`traccia_id`, `autore_id`) VALUES (2, 2);
INSERT INTO `traccia_autore` (`traccia_id`, `autore_id`) VALUES (4, 3);
INSERT INTO `traccia_autore` (`traccia_id`, `autore_id`) VALUES (5, 2);
INSERT INTO `traccia_autore` (`traccia_id`, `autore_id`) VALUES (7, 6);
INSERT INTO `traccia_autore` (`traccia_id`, `autore_id`) VALUES (9, 2);
INSERT INTO `traccia_autore` (`traccia_id`, `autore_id`) VALUES (9, 4);
INSERT INTO `traccia_autore` (`traccia_id`, `autore_id`) VALUES (9, 5);
INSERT INTO `traccia_autore` (`traccia_id`, `autore_id`) VALUES (9, 6);
INSERT INTO `traccia_autore` (`traccia_id`, `autore_id`) VALUES (10, 3);
INSERT INTO `traccia_autore` (`traccia_id`, `autore_id`) VALUES (10, 6);
INSERT INTO `traccia_autore` (`traccia_id`, `autore_id`) VALUES (10, 9);
INSERT INTO `traccia_autore` (`traccia_id`, `autore_id`) VALUES (11, 6);
INSERT INTO `traccia_autore` (`traccia_id`, `autore_id`) VALUES (12, 2);
INSERT INTO `traccia_autore` (`traccia_id`, `autore_id`) VALUES (16, 8);
INSERT INTO `traccia_autore` (`traccia_id`, `autore_id`) VALUES (19, 4);
INSERT INTO `traccia_autore` (`traccia_id`, `autore_id`) VALUES (20, 7);
INSERT INTO `traccia_autore` (`traccia_id`, `autore_id`) VALUES (21, 10);
INSERT INTO `traccia_autore` (`traccia_id`, `autore_id`) VALUES (22, 1);
INSERT INTO `traccia_autore` (`traccia_id`, `autore_id`) VALUES (22, 10);
INSERT INTO `traccia_autore` (`traccia_id`, `autore_id`) VALUES (23, 2);
INSERT INTO `traccia_autore` (`traccia_id`, `autore_id`) VALUES (24, 7);
INSERT INTO `traccia_autore` (`traccia_id`, `autore_id`) VALUES (25, 2);
INSERT INTO `traccia_autore` (`traccia_id`, `autore_id`) VALUES (25, 5);
INSERT INTO `traccia_autore` (`traccia_id`, `autore_id`) VALUES (26, 2);
INSERT INTO `traccia_autore` (`traccia_id`, `autore_id`) VALUES (27, 3);
INSERT INTO `traccia_autore` (`traccia_id`, `autore_id`) VALUES (28, 4);
INSERT INTO `traccia_autore` (`traccia_id`, `autore_id`) VALUES (30, 5);
INSERT INTO `traccia_autore` (`traccia_id`, `autore_id`) VALUES (30, 8);

